id,peer,Date,Time,state
1,mirrorar,2022-09-06,12:30:00,1
2,mirrorar,2022-09-06,12:52:00,2
3,mirrorar,2022-09-06,13:00:00,1
4,mirrorar,2022-09-06,20:32:00,2
5,gantedil,2022-09-06,10:30:00,1
6,gantedil,2022-09-06,18:32:00,2
7,mirrorar,2022-10-19,11:43:00,1
8,mirrorar,2022-10-19,16:32:00,2
9,gantedil,2022-11-14,10:10:00,1
10,gantedil,2022-11-14,12:12:00,2
11,hvayon,2022-11-07,11:00:00,1
12,hvayon,2022-11-07,16:52:00,2
13,monkeydluffy,2022-12-10,16:00:00,1
14,monkeydluffy,2022-12-10,17:00:00,2
15,monkeydluffy,2022-12-10,17:30:00,1
16,neeksel,2022-12-10,17:32:00,1
17,neeksel,2022-12-10,18:59:00,2
18,monkeydluffy,2022-12-10,19:00:00,2
19,neeksel,2022-12-10,17:30:00,1
20,neeksel,2022-12-11,18:00:00,2
21,neeksel,2022-12-12,17:32:00,1
22,neeksel,2022-12-15,18:59:00,2
